entity_id,start_tick,end_tick,thrower_X,thrower_Y,thrower_Z,thrower_health,thrower_place,thrower_name,thrower_steamid,thrower_side,X,Y,Z,round_num
596,4736,5185,1463.83447265625,274.17138671875,128.03125,100,TopofMid,saadzin,76561198100494962,t,2500.487060546875,-109.68456268310547,98.06770324707031,1
72,8508,8861,1318.0321044921875,690.5057373046875,134.65882873535156,100,TopofMid,mezii,76561197973140692,ct,140.71055603027344,731.443359375,80.74649047851562,2
68,8566,9015,103.09822082519531,984.6068725585938,83.12744140625,100,Banana,dumau,76561198194325317,t,404.94110107421875,1990.091064453125,138.03121948242188,2
67,8605,8837,550.4515380859375,1892.046630859375,136.03125,100,Banana,flameZ,76561197978835160,ct,173.8296356201172,1051.18505859375,88.00980377197266,2
251,15866,16219,1319.58154296875,720.4497680664062,136.23634338378906,100,TopofMid,ZywOo,76561198113666193,ct,161.7636260986328,748.9137573242188,77.13755798339844,3
259,15948,16301,817.1702880859375,1967.1488037109375,136.03128051757812,97,Banana,flameZ,76561197978835160,ct,305.5874938964844,1716.06298828125,123.23766326904297,3
